{
    "Gamma_Parameter": 1.7300000190734863,
    "Material_ClearColorStatus": {
        "b": 0.0,
        "g": 0.0,
        "r": 0.0
    },
    "Material_MetallicStatus": 0.949999988079071,
    "Material_RoughnessStatus": 0.4099999964237213,
    "Material_SpecularStatus": 1.3300000429153442,
    "PostEffect_ChromaticAberrationFlag": true,
    "PostEffect_ChromaticAberrationStatus": {
        "b": 0.0026000000070780516,
        "g": 0.007600000128149986,
        "r": 0.0044999998062849045
    },
    "PostEffect_DistortionFlag": true,
    "PostEffect_DistortionStatus": {
        "Camera": 0.5,
        "Parameter": 1.0
    },
    "PostEffect_GrayScaleFlag": false,
    "PostEffect_GrayScaleStatus": {
        "b": 0.9200000166893005,
        "g": 0.09000000357627869,
        "r": 0.7799999713897705
    },
    "PostEffect_SepiaFlag": false,
    "PostEffect_SepiaStatus": {
        "b": 0.36000001430511475,
        "g": 0.5099999904632568,
        "r": 0.8100000023841858
    }
}
